"1772864616390736,CSI_DATA,STATION,00:00:00:00:00:00,0,0,0,0,0,0,0,0,0,0,0,0,0,0,0,0,0,0,0,0,0,128,[82 -96 4 0 0 0 0 0 0 0 0 0 -13 -14 -13 -15 -14 -15 -17 -16 -14 -17 -13 -17 -10 -18 -12 -21 -14 -19 -13 -22 -14 -19 -11 -19 -13 -17 -13 -20 -11 -19 -11 -21 -10 -21 -9 -22 -13 -22 -12 -20 -11 -23 -6 -18 -11 -20 -11 -18 -11 -21 -9 -21 0 0 -9 -18 -8 -21 -11 -17 -12 -19 -9 -19 -8 -19 -14 -19 -12 -19 -11 -18 -12 -16 -10 -16 -15 -18 -14 -16 -13 -17 -13 -17 -15 -16 -14 -16 -11 -15 -13 -16 -14 -18 -15 -15 -16 -16 -16 -15 -17 -16 -17 -17 -18 -19 0 0 0 0 0 0 0 0 0 0]"
"1772864617386916,CSI_DATA,STATION,00:00:00:00:00:00,0,0,0,0,0,0,0,0,0,0,0,0,0,0,0,0,0,0,0,0,0,128,[82 -96 4 0 0 0 0 0 0 0 0 0 13 -21 15 -20 13 -21 15 -20 16 -21 15 -20 18 -18 16 -17 17 -17 17 -17 18 -17 17 -15 17 -15 18 -16 16 -14 17 -14 16 -14 17 -15 16 -14 17 -14 14 -14 16 -13 16 -13 14 -12 15 -16 14 -12 0 0 13 -13 14 -13 14 -13 14 -14 12 -14 11 -14 11 -14 9 -14 11 -13 10 -16 8 -14 12 -16 10 -16 9 -15 9 -16 9 -17 9 -17 9 -17 7 -16 7 -16 6 -18 6 -17 6 -19 5 -17 6 -19 4 -17 0 0 0 0 0 0 0 0 0 0]"
"1772864617394925,CSI_DATA,STATION,00:00:00:00:00:00,0,0,0,0,0,0,0,0,0,0,0,0,0,0,0,0,0,0,0,0,0,128,[82 -96 4 0 0 0 0 0 0 0 0 0 -25 17 -25 14 -27 16 -27 10 -26 12 -26 12 -25 10 -28 12 -28 11 -24 10 -25 9 -25 9 -24 7 -26 8 -25 8 -26 7 -25 8 -23 6 -25 8 -23 6 -26 9 -24 8 -23 8 -22 7 -23 9 -21 5 0 0 -19 10 -20 11 -23 9 -18 11 -18 10 -17 13 -17 12 -18 8 -17 11 -17 12 -14 12 -16 14 -15 13 -16 14 -13 15 -13 14 -14 17 -13 17 -13 15 -13 16 -12 16 -14 16 -14 17 -12 17 -13 19 -10 18 0 0 0 0 0 0 0 0 0 0]"
"1772864618998505,CSI_DATA,STATION,00:00:00:00:00:00,0,0,0,0,0,0,0,0,0,0,0,0,0,0,0,0,0,0,0,0,0,128,[84 -64 4 0 0 0 0 0 0 0 0 0 -10 11 -14 10 -8 14 -12 11 -12 11 -14 5 -12 12 -15 8 -17 10 -15 8 -18 9 -12 9 -15 1 -14 5 -15 3 -17 2 -13 11 -16 7 -12 6 -16 4 -15 7 -17 5 -12 5 -14 3 -14 5 -14 7 0 0 -15 2 -11 6 -13 4 -18 5 -19 8 -16 3 -16 5 -13 5 -14 -3 -11 7 -14 5 -16 -1 -10 4 -14 4 -11 4 -17 4 -13 1 -15 6 -11 4 -13 4 -18 0 -14 4 -17 5 -13 8 -15 3 -17 8 0 0 0 0 0 0 0 0 0 0]"
"1772864619029396,CSI_DATA,STATION,00:00:00:00:00:00,0,0,0,0,0,0,0,0,0,0,0,0,0,0,0,0,0,0,0,0,0,128,[84 -64 4 0 0 0 0 0 0 0 0 0 3 -12 3 -14 4 -16 2 -18 7 -14 7 -19 4 -17 6 -17 10 -15 4 -14 10 -16 8 -16 9 -16 8 -12 10 -15 7 -12 7 -15 6 -11 8 -14 5 -14 8 -12 6 -16 10 -14 8 -12 12 -18 7 -15 0 0 5 -13 6 -16 7 -12 1 -13 5 -12 3 -17 2 -17 3 -14 1 -14 0 -13 6 -18 3 -14 5 -12 3 -15 1 -16 1 -17 1 -15 2 -10 -2 -20 3 -12 1 -16 4 -17 -3 -12 -3 -21 3 -12 0 -15 0 0 0 0 0 0 0 0 0 0]"
"1772864619029396,CSI_DATA,STATION,00:00:00:00:00:00,0,0,0,0,0,0,0,0,0,0,0,0,0,0,0,0,0,0,0,0,0,128,[84 -64 4 0 0 0 0 0 0 0 0 0 15 2 19 5 15 6 14 9 10 8 12 5 13 6 16 5 16 8 15 5 12 2 14 6 14 6 16 7 15 6 13 2 13 7 14 12 12 10 13 10 12 12 10 3 12 9 12 5 9 4 14 9 0 0 11 6 11 5 12 9 10 5 16 8 14 10 8 4 16 4 16 9 9 9 15 6 9 5 15 8 13 0 9 2 17 5 15 2 14 3 15 2 12 0 9 4 12 1 14 4 14 -1 18 3 14 -3 0 0 0 0 0 0 0 0 0 0]"
"1772864619045960,CSI_DATA,STATION,00:00:00:00:00:00,0,0,0,0,0,0,0,0,0,0,0,0,0,0,0,0,0,0,0,0,0,128,[84 -64 4 0 0 0 0 0 0 0 0 0 -16 3 -16 6 -20 1 -18 3 -18 4 -16 3 -11 5 -17 0 -12 1 -14 1 -16 1 -18 4 -16 0 -15 4 -16 3 -17 3 -18 -1 -18 4 -17 -3 -13 5 -15 4 -14 -1 -10 5 -13 4 -16 6 -17 -1 0 0 -13 5 -15 6 -14 9 -14 4 -14 5 -14 8 -14 7 -13 8 -17 8 -12 7 -13 6 -10 14 -9 8 -9 9 -9 11 -8 10 -10 11 -13 7 -9 9 -8 9 -7 12 -9 14 -6 9 -7 12 -9 11 -8 8 0 0 0 0 0 0 0 0 0 0]"
"1772864619059346,CSI_DATA,STATION,00:00:00:00:00:00,0,0,0,0,0,0,0,0,0,0,0,0,0,0,0,0,0,0,0,0,0,128,[84 -64 4 0 0 0 0 0 0 0 0 0 11 -8 11 -14 12 -10 18 -11 13 -9 10 -9 13 -11 14 -10 10 -11 10 -11 14 -5 19 -9 13 -7 17 -3 16 -7 17 -7 12 -3 15 -6 11 -8 11 -11 14 -4 13 -4 11 -4 14 -6 15 -8 14 -6 0 0 14 -9 14 -5 14 -7 11 -8 13 -6 16 -8 16 -5 9 -7 14 -5 11 -2 13 -8 15 -4 11 -7 14 -7 12 -5 13 -6 10 -10 12 -10 13 -10 10 -7 13 -7 16 -9 12 -8 10 -12 14 -9 10 -11 0 0 0 0 0 0 0 0 0 0]"
"1772864619061908,CSI_DATA,STATION,00:00:00:00:00:00,0,0,0,0,0,0,0,0,0,0,0,0,0,0,0,0,0,0,0,0,0,128,[84 -64 4 0 0 0 0 0 0 0 0 0 -16 -7 -14 -10 -11 -6 -16 -6 -14 -5 -15 -12 -18 -6 -19 -10 -18 -11 -11 -8 -20 -10 -10 -8 -11 -15 -14 -10 -12 -11 -12 -11 -9 -17 -13 -15 -8 -8 -7 -12 -14 -17 -10 -10 -12 -10 -13 -11 -9 -13 -14 -7 0 0 -11 -8 -10 -12 -11 -8 -11 -12 -13 -12 -9 -14 -10 -10 -9 -9 -13 -9 -11 -14 -12 -11 -12 -8 -10 -6 -12 -13 -6 -10 -12 -9 -9 -6 -14 -7 -11 -10 -15 -7 -14 -12 -9 -11 -10 -8 -11 -8 -11 -6 -12 -5 0 0 0 0 0 0 0 0 0 0]"
"1772864619076929,CSI_DATA,STATION,00:00:00:00:00:00,0,0,0,0,0,0,0,0,0,0,0,0,0,0,0,0,0,0,0,0,0,128,[84 -64 4 0 0 0 0 0 0 0 0 0 -16 -4 -16 -8 -16 -6 -13 -8 -12 -8 -13 -6 -15 -8 -16 -7 -14 -8 -14 -5 -17 -6 -15 -8 -12 -12 -14 -5 -13 -9 -14 -10 -14 -7 -10 -10 -10 -9 -10 -16 -11 -8 -9 -5 -6 -11 -11 -12 -10 -6 -13 -13 0 0 -7 -10 -9 -8 -9 -9 -14 -10 -13 -4 -12 -12 -5 -9 -12 -5 -13 -5 -8 -2 -15 -13 -13 -9 -10 -6 -8 -8 -15 -8 -18 -1 -5 -5 -7 -9 -8 -8 -13 -8 -14 -7 -6 -13 -11 -4 -12 -10 -13 -13 -8 -7 0 0 0 0 0 0 0 0 0 0]"
"1772864619076929,CSI_DATA,STATION,00:00:00:00:00:00,0,0,0,0,0,0,0,0,0,0,0,0,0,0,0,0,0,0,0,0,0,128,[84 -64 4 0 0 0 0 0 0 0 0 0 6 20 6 13 1 15 3 16 3 15 -2 18 2 10 -5 16 -6 15 -2 15 1 14 0 13 -7 12 -4 14 -3 18 -1 16 -10 15 -5 11 -7 13 -8 14 1 13 -4 16 -8 14 -8 17 -5 13 -5 15 0 0 -4 11 -6 14 -3 11 -3 12 -6 15 -9 14 -7 13 -3 12 -6 15 -3 15 -4 12 -6 12 -1 17 -3 14 0 8 -6 14 -6 16 -5 15 1 10 0 13 -1 10 0 16 3 14 -1 15 -3 15 1 13 0 0 0 0 0 0 0 0 0 0]"
"1772864619151197,CSI_DATA,STATION,00:00:00:00:00:00,0,0,0,0,0,0,0,0,0,0,0,0,0,0,0,0,0,0,0,0,0,128,[84 -64 4 0 0 0 0 0 0 0 0 0 0 -16 -1 -17 -4 -18 4 -20 6 -15 0 -16 3 -16 -1 -15 1 -16 4 -14 -1 -20 2 -17 5 -18 3 -20 4 -15 6 -17 -1 -18 4 -18 2 -17 4 -15 -1 -14 4 -18 7 -20 3 -16 2 -20 4 -18 0 0 3 -15 2 -15 -1 -14 2 -11 0 -15 0 -19 -1 -14 2 -13 -2 -12 -3 -14 0 -13 1 -18 -6 -15 0 -16 -3 -15 -7 -14 0 -18 -3 -15 -1 -14 -10 -15 -10 -15 -2 -13 -5 -15 -2 -14 -4 -14 -2 -12 0 0 0 0 0 0 0 0 0 0]"
"1772864619156096,CSI_DATA,STATION,00:00:00:00:00:00,0,0,0,0,0,0,0,0,0,0,0,0,0,0,0,0,0,0,0,0,0,128,[84 -64 4 0 0 0 0 0 0 0 0 0 6 15 11 14 4 14 9 21 6 16 5 16 7 14 4 15 8 14 3 14 3 13 -5 20 -1 17 2 20 5 14 -5 14 1 16 3 17 -1 20 -1 17 5 16 3 16 -3 13 0 19 1 16 0 18 0 0 -4 16 1 17 0 10 -1 17 0 21 -4 11 2 13 -3 18 -1 13 1 15 -1 12 -1 11 4 14 2 13 -1 19 -2 14 1 13 -3 16 3 16 2 12 -2 13 6 13 2 15 -1 14 0 13 -1 12 0 0 0 0 0 0 0 0 0 0]"
"1772864619156096,CSI_DATA,STATION,00:00:00:00:00:00,0,0,0,0,0,0,0,0,0,0,0,0,0,0,0,0,0,0,0,0,0,128,[84 -64 4 0 0 0 0 0 0 0 0 0 -19 -2 -19 -1 -17 -2 -25 -5 -18 -4 -17 -1 -22 -7 -22 -10 -21 -5 -19 -9 -20 -12 -21 -6 -21 -11 -19 -5 -18 -15 -17 -13 -20 -8 -17 -12 -13 -11 -19 -9 -20 -10 -17 -6 -17 -11 -16 -11 -15 -6 -19 -12 0 0 -15 -10 -19 -13 -14 -7 -18 -7 -15 -8 -16 -7 -17 -7 -19 -10 -19 -10 -16 -5 -18 -6 -15 -7 -21 -6 -16 -7 -19 -5 -21 -3 -18 -7 -19 -8 -15 -10 -17 -5 -17 -1 -20 -2 -23 -2 -17 -6 -21 -6 -21 1 0 0 0 0 0 0 0 0 0 0]"
"1772864619173253,CSI_DATA,STATION,00:00:00:00:00:00,0,0,0,0,0,0,0,0,0,0,0,0,0,0,0,0,0,0,0,0,0,128,[84 -64 4 0 0 0 0 0 0 0 0 0 11 -10 15 -5 10 -7 14 -5 16 -5 15 -5 15 -5 14 -5 15 -2 14 -2 13 -4 13 -2 14 -4 15 -3 14 0 12 -5 13 0 12 2 15 -3 11 -1 15 1 15 -3 12 1 13 -5 14 -1 14 -5 0 0 15 -2 12 -1 15 -2 14 0 14 -3 12 -3 13 -3 12 -4 12 -2 15 4 15 -2 14 -1 13 -4 17 -3 9 -3 14 -5 11 1 15 -6 12 -2 13 -6 12 -6 11 -1 10 -2 12 -9 13 -8 11 -7 0 0 0 0 0 0 0 0 0 0]"
"1772864619181505,CSI_DATA,STATION,00:00:00:00:00:00,0,0,0,0,0,0,0,0,0,0,0,0,0,0,0,0,0,0,0,0,0,128,[84 -64 4 0 0 0 0 0 0 0 0 0 11 3 17 0 16 -3 15 -4 16 1 17 6 16 5 18 4 12 2 11 1 16 4 20 8 13 1 11 7 14 9 16 8 15 7 19 7 14 8 12 10 15 13 12 7 15 10 9 9 13 12 12 10 0 0 12 10 14 8 14 6 11 10 11 8 15 10 14 11 12 3 14 6 15 3 15 8 16 3 16 8 12 7 13 6 14 7 11 5 13 2 15 6 13 0 15 2 13 6 10 5 12 6 16 6 15 4 0 0 0 0 0 0 0 0 0 0]"
"1772864619187965,CSI_DATA,STATION,00:00:00:00:00:00,0,0,0,0,0,0,0,0,0,0,0,0,0,0,0,0,0,0,0,0,0,128,[84 -64 4 0 0 0 0 0 0 0 0 0 14 -11 15 -10 16 -8 16 -12 13 -13 19 -12 15 -11 14 -13 20 -7 20 -9 16 -9 14 -7 10 -10 19 -7 17 -11 21 -4 20 -11 16 -3 19 -9 22 -10 14 -4 16 -8 17 -3 17 -7 14 -5 15 -5 0 0 15 -3 13 -5 20 -5 15 -4 16 -5 11 -8 18 -8 14 -7 17 -7 17 -6 16 -6 14 -4 15 -5 14 -6 13 -7 15 -5 14 -8 15 -6 10 -8 12 -8 19 -7 10 -10 9 -5 12 -13 11 -10 14 -13 0 0 0 0 0 0 0 0 0 0]"
"1772864619227682,CSI_DATA,STATION,00:00:00:00:00:00,0,0,0,0,0,0,0,0,0,0,0,0,0,0,0,0,0,0,0,0,0,128,[84 -64 4 0 0 0 0 0 0 0 0 0 11 -17 6 -19 9 -19 9 -19 5 -18 7 -13 8 -12 10 -19 13 -10 8 -15 14 -16 11 -14 13 -13 15 -14 9 -12 12 -12 12 -11 14 -12 13 -9 14 -9 14 -10 13 -7 14 -10 15 -12 12 -9 16 -12 0 0 13 -7 13 -11 10 -9 14 -8 13 -7 9 -6 17 -7 10 -8 15 -9 10 -7 13 -7 10 -4 12 -5 14 -6 13 -7 12 -6 12 -10 14 -6 17 -7 12 -6 15 -10 12 -8 12 -8 12 -9 14 -6 13 -11 0 0 0 0 0 0 0 0 0 0]"
"1772864619238802,CSI_DATA,STATION,00:00:00:00:00:00,0,0,0,0,0,0,0,0,0,0,0,0,0,0,0,0,0,0,0,0,0,128,[84 -64 4 0 0 0 0 0 0 0 0 0 3 -15 5 -17 6 -17 9 -19 12 -17 10 -15 8 -18 9 -19 11 -16 7 -18 7 -12 11 -11 13 -17 13 -15 8 -19 10 -14 10 -16 12 -16 13 -14 11 -17 9 -14 6 -13 7 -13 8 -14 9 -10 10 -15 0 0 13 -14 7 -13 10 -13 6 -12 7 -14 8 -12 9 -14 7 -14 6 -13 7 -13 8 -13 5 -17 7 -14 4 -19 8 -12 6 -15 7 -15 6 -16 5 -17 7 -15 5 -14 5 -17 4 -16 3 -16 6 -17 7 -17 0 0 0 0 0 0 0 0 0 0]"
"1772864619238802,CSI_DATA,STATION,00:00:00:00:00:00,0,0,0,0,0,0,0,0,0,0,0,0,0,0,0,0,0,0,0,0,0,128,[84 -64 4 0 0 0 0 0 0 0 0 0 -14 -13 -13 -13 -10 -16 -8 -19 -14 -16 -13 -15 -12 -15 -11 -15 -9 -16 -9 -16 -10 -18 -9 -18 -8 -17 -13 -15 -8 -20 -7 -14 -5 -19 -2 -17 -7 -16 -8 -17 -5 -13 -6 -19 -2 -16 -8 -17 -7 -19 -8 -13 0 0 -5 -13 -6 -16 -6 -15 -7 -12 -3 -16 -3 -15 -10 -15 -4 -16 -7 -12 -11 -13 -7 -11 -11 -11 -9 -16 -9 -13 -9 -13 -9 -15 -8 -14 -12 -15 -11 -17 -11 -13 -12 -14 -9 -17 -9 -11 -9 -14 -15 -16 -11 -12 0 0 0 0 0 0 0 0 0 0]"
"1772864619251702,CSI_DATA,STATION,00:00:00:00:00:00,0,0,0,0,0,0,0,0,0,0,0,0,0,0,0,0,0,0,0,0,0,128,[84 -64 4 0 0 0 0 0 0 0 0 0 -16 -7 -18 -6 -17 -4 -15 -7 -20 -9 -18 -7 -19 -8 -18 -10 -14 -11 -15 -9 -15 -14 -12 -14 -18 -11 -13 -11 -13 -10 -18 -9 -14 -9 -16 -7 -13 -8 -9 -14 -16 -12 -15 -10 -15 -9 -10 -11 -13 -11 -13 -12 0 0 -14 -7 -13 -10 -13 -10 -13 -7 -13 -8 -15 -11 -13 -10 -14 -7 -13 -8 -16 -7 -13 -6 -18 -11 -13 -7 -16 -10 -17 -10 -17 -6 -10 -6 -16 -10 -17 -10 -18 -10 -17 -5 -17 -7 -16 -7 -17 -8 -16 -8 -18 -6 0 0 0 0 0 0 0 0 0 0]"
"1772864619268539,CSI_DATA,STATION,00:00:00:00:00:00,0,0,0,0,0,0,0,0,0,0,0,0,0,0,0,0,0,0,0,0,0,128,[84 -64 4 0 0 0 0 0 0 0 0 0 -11 -14 -13 -13 -9 -15 -12 -16 -7 -14 -10 -16 -10 -11 -9 -13 -7 -13 -5 -14 -9 -16 -8 -10 -8 -16 -7 -12 -8 -15 -5 -15 -6 -16 -7 -14 -5 -17 -5 -14 -5 -17 -6 -16 -7 -13 -7 -17 -4 -13 -7 -14 0 0 -3 -14 -6 -14 -5 -13 -9 -18 -7 -18 -5 -16 -2 -17 -6 -15 -6 -14 -5 -12 -12 -15 -5 -15 -4 -15 -7 -13 -7 -14 -7 -15 -7 -13 -7 -17 -6 -14 -6 -12 -8 -14 -9 -13 -9 -13 -7 -16 -8 -14 -10 -14 0 0 0 0 0 0 0 0 0 0]"
"1772864619268539,CSI_DATA,STATION,00:00:00:00:00:00,0,0,0,0,0,0,0,0,0,0,0,0,0,0,0,0,0,0,0,0,0,128,[84 -64 4 0 0 0 0 0 0 0 0 0 -17 8 -17 6 -18 10 -16 5 -16 3 -19 9 -18 5 -16 3 -16 3 -17 6 -16 2 -16 1 -13 3 -15 4 -18 2 -18 3 -16 1 -17 -1 -14 1 -16 3 -17 0 -15 -1 -17 1 -18 1 -15 0 -16 5 0 0 -12 2 -15 0 -15 3 -16 3 -15 4 -15 2 -13 4 -15 5 -16 0 -16 5 -14 6 -14 5 -11 5 -12 5 -16 3 -14 5 -15 5 -13 5 -15 8 -15 7 -17 3 -12 8 -15 6 -15 5 -14 9 -14 7 0 0 0 0 0 0 0 0 0 0]"
"1772864619277464,CSI_DATA,STATION,00:00:00:00:00:00,0,0,0,0,0,0,0,0,0,0,0,0,0,0,0,0,0,0,0,0,0,128,[84 -64 4 0 0 0 0 0 0 0 0 0 14 -6 17 -7 17 -5 15 -7 15 -1 16 -2 16 -2 17 -4 20 1 16 1 16 0 19 -1 17 0 15 -3 16 1 19 -3 17 1 16 -2 16 2 18 1 14 3 16 4 16 0 14 0 15 2 13 -2 0 0 17 -1 12 -1 15 0 17 -3 16 0 13 2 15 -1 10 0 15 -1 12 0 16 -2 14 -2 13 -2 12 -1 15 -3 18 -5 14 -4 15 -4 15 -2 11 -6 16 -3 17 -5 15 -6 16 -7 13 -7 15 -5 0 0 0 0 0 0 0 0 0 0]"
"1772864619320159,CSI_DATA,STATION,00:00:00:00:00:00,0,0,0,0,0,0,0,0,0,0,0,0,0,0,0,0,0,0,0,0,0,128,[84 -64 4 0 0 0 0 0 0 0 0 0 11 -10 11 -11 14 -12 15 -10 14 -12 17 -10 16 -7 15 -5 16 -9 15 -9 15 -6 14 -9 13 -8 16 -9 14 -8 17 -8 14 -5 17 -5 15 -7 16 -6 14 -8 15 -6 14 -4 17 -9 13 -6 13 -6 0 0 13 -5 12 -6 12 -6 14 -5 12 -6 14 -7 13 -7 15 -6 11 -8 12 -9 9 -11 11 -10 12 -8 13 -9 12 -11 10 -10 13 -10 12 -11 14 -9 13 -10 14 -9 12 -8 10 -12 11 -12 13 -12 9 -11 0 0 0 0 0 0 0 0 0 0]"
"1772864619332065,CSI_DATA,STATION,00:00:00:00:00:00,0,0,0,0,0,0,0,0,0,0,0,0,0,0,0,0,0,0,0,0,0,128,[84 -64 4 0 0 0 0 0 0 0 0 0 -14 -15 -13 -16 -14 -14 -10 -17 -10 -13 -10 -14 -9 -15 -9 -17 -10 -16 -9 -17 -7 -17 -8 -17 -8 -17 -11 -16 -6 -19 -6 -14 -7 -16 -5 -14 -8 -17 -6 -18 -8 -19 -7 -17 -7 -13 -9 -18 -6 -17 -7 -11 0 0 -7 -14 -7 -17 -10 -16 -7 -11 -9 -15 -8 -18 -7 -14 -9 -17 -6 -16 -10 -10 -11 -12 -11 -10 -10 -12 -10 -14 -7 -12 -11 -12 -10 -12 -11 -12 -10 -11 -11 -8 -13 -11 -11 -11 -11 -14 -15 -10 -13 -9 -13 -10 0 0 0 0 0 0 0 0 0 0]"
"1772864619332065,CSI_DATA,STATION,00:00:00:00:00:00,0,0,0,0,0,0,0,0,0,0,0,0,0,0,0,0,0,0,0,0,0,128,[84 -64 4 0 0 0 0 0 0 0 0 0 -1 -20 2 -17 0 -20 4 -21 1 -20 3 -19 2 -17 4 -17 1 -14 8 -21 5 -16 7 -18 7 -17 8 -19 8 -16 8 -15 7 -17 7 -16 5 -16 7 -17 5 -13 5 -16 5 -15 6 -16 7 -16 5 -17 0 0 5 -15 4 -17 5 -15 3 -14 2 -16 5 -19 5 -15 6 -15 2 -13 3 -15 1 -13 3 -18 1 -16 3 -16 -1 -16 1 -14 2 -17 1 -16 0 -15 2 -14 0 -15 0 -16 -2 -17 -1 -17 -1 -15 -2 -16 0 0 0 0 0 0 0 0 0 0]"
"1772864619348966,CSI_DATA,STATION,00:00:00:00:00:00,0,0,0,0,0,0,0,0,0,0,0,0,0,0,0,0,0,0,0,0,0,128,[84 -64 4 0 0 0 0 0 0 0 0 0 -12 9 -16 7 -14 10 -17 10 -16 8 -16 8 -18 7 -18 6 -18 5 -18 6 -17 5 -18 2 -17 6 -16 3 -17 4 -16 5 -15 3 -19 6 -15 4 -17 1 -15 3 -15 2 -17 2 -17 5 -17 8 -18 3 0 0 -16 3 -17 5 -15 6 -14 5 -16 5 -13 8 -16 4 -13 8 -13 5 -13 9 -14 5 -11 7 -13 8 -14 5 -11 6 -14 7 -12 11 -15 6 -14 8 -10 10 -14 8 -11 9 -13 8 -11 11 -13 9 -12 9 0 0 0 0 0 0 0 0 0 0]"
"1772864619356977,CSI_DATA,STATION,00:00:00:00:00:00,0,0,0,0,0,0,0,0,0,0,0,0,0,0,0,0,0,0,0,0,0,128,[84 -64 4 0 0 0 0 0 0 0 0 0 5 -16 8 -17 9 -19 9 -15 8 -14 10 -15 11 -17 9 -15 11 -15 10 -17 10 -17 10 -13 11 -18 11 -16 12 -14 10 -13 12 -12 9 -14 12 -13 10 -13 11 -14 9 -14 10 -12 11 -15 8 -13 7 -12 0 0 12 -13 7 -14 8 -13 10 -11 9 -13 11 -12 8 -11 8 -13 10 -12 7 -14 6 -12 7 -14 4 -16 4 -14 3 -14 7 -13 4 -15 3 -14 5 -16 5 -13 5 -14 1 -16 5 -14 3 -16 6 -16 7 -17 0 0 0 0 0 0 0 0 0 0]"
"1772864619363812,CSI_DATA,STATION,00:00:00:00:00:00,0,0,0,0,0,0,0,0,0,0,0,0,0,0,0,0,0,0,0,0,0,128,[84 -64 4 0 0 0 0 0 0 0 0 0 4 -18 3 -19 4 -19 7 -17 7 -18 3 -17 9 -14 6 -16 8 -17 7 -17 10 -16 7 -17 9 -16 10 -12 8 -14 10 -17 9 -16 8 -15 9 -14 8 -16 8 -15 6 -16 6 -12 9 -16 6 -13 9 -13 0 0 9 -16 7 -16 6 -15 7 -12 5 -16 7 -15 7 -12 2 -15 5 -13 2 -13 5 -14 3 -15 2 -13 3 -17 2 -14 1 -16 1 -18 2 -15 3 -11 3 -13 -2 -15 3 -17 2 -17 -1 -16 0 -14 1 -15 0 0 0 0 0 0 0 0 0 0]"
"1772864619363812,CSI_DATA,STATION,00:00:00:00:00:00,0,0,0,0,0,0,0,0,0,0,0,0,0,0,0,0,0,0,0,0,0,128,[84 -64 4 0 0 0 0 0 0 0 0 0 13 -9 16 -8 16 -7 16 -4 14 -7 18 -4 16 -3 15 -6 16 -4 14 -5 19 -4 15 -2 13 -6 14 -3 15 -3 13 -3 15 -3 17 -4 15 -3 14 -5 15 -4 14 -3 13 -3 11 -5 13 -7 12 -3 0 0 14 -3 12 -5 10 -7 12 -4 14 -7 11 -6 14 -7 9 -8 13 -6 11 -7 12 -8 11 -11 11 -9 10 -8 14 -8 12 -9 11 -8 9 -10 13 -9 13 -7 12 -9 7 -8 11 -8 11 -9 9 -10 10 -11 0 0 0 0 0 0 0 0 0 0]"
"1772864619378470,CSI_DATA,STATION,00:00:00:00:00:00,0,0,0,0,0,0,0,0,0,0,0,0,0,0,0,0,0,0,0,0,0,128,[84 -64 4 0 0 0 0 0 0 0 0 0 9 11 12 12 9 12 9 15 5 13 7 12 8 13 6 13 6 13 6 15 7 13 7 11 5 15 7 16 5 14 7 10 5 13 6 12 1 15 5 13 4 13 4 12 6 13 6 15 5 12 2 12 0 0 4 14 6 13 5 12 7 11 4 12 2 13 7 13 6 11 9 11 6 11 6 13 3 11 6 14 6 11 8 12 7 12 9 11 8 10 8 8 6 10 10 11 7 11 8 9 7 11 9 9 11 12 0 0 0 0 0 0 0 0 0 0]"
"1772864619378470,CSI_DATA,STATION,00:00:00:00:00:00,0,0,0,0,0,0,0,0,0,0,0,0,0,0,0,0,0,0,0,0,0,128,[84 -64 4 0 0 0 0 0 0 0 0 0 4 13 6 12 4 14 3 17 6 16 3 13 5 15 4 15 3 12 1 17 2 15 1 15 -1 16 2 17 -2 18 1 18 1 14 0 11 0 15 2 15 1 15 1 17 0 13 0 12 1 15 2 14 0 0 1 14 -1 14 2 13 -1 13 -1 15 3 12 2 15 -2 16 -1 14 1 13 1 13 -1 13 0 14 1 14 3 13 5 12 3 14 1 12 3 11 2 12 4 14 2 15 4 12 5 14 4 11 5 17 0 0 0 0 0 0 0 0 0 0]"
"1772864619394423,CSI_DATA,STATION,00:00:00:00:00:00,0,0,0,0,0,0,0,0,0,0,0,0,0,0,0,0,0,0,0,0,0,128,[84 -64 4 0 0 0 0 0 0 0 0 0 7 8 11 12 11 11 9 13 7 12 10 12 9 12 6 14 6 14 8 12 7 12 6 12 7 17 5 14 5 15 6 13 4 15 5 14 5 16 4 12 4 15 4 12 5 13 5 15 5 14 5 11 0 0 3 15 3 14 5 14 4 10 4 12 4 13 5 15 5 14 5 12 4 11 5 12 5 11 7 12 7 12 5 12 5 13 7 14 6 12 6 15 6 10 6 12 8 12 7 12 8 10 8 12 8 13 0 0 0 0 0 0 0 0 0 0]"
"1772864619394423,CSI_DATA,STATION,00:00:00:00:00:00,0,0,0,0,0,0,0,0,0,0,0,0,0,0,0,0,0,0,0,0,0,128,[84 -64 4 0 0 0 0 0 0 0 0 0 10 10 11 11 9 12 8 9 8 12 10 11 13 12 6 12 7 13 9 11 9 11 6 12 10 10 9 15 7 11 7 12 11 10 7 12 8 12 5 13 6 11 8 14 4 11 8 12 8 11 7 12 0 0 9 11 8 10 9 12 9 10 6 12 7 11 8 12 10 9 6 9 7 8 11 10 9 10 8 9 9 7 10 8 10 8 12 7 12 6 9 7 9 7 12 7 9 8 14 7 14 5 9 7 13 8 0 0 0 0 0 0 0 0 0 0]"
"1772864619394423,CSI_DATA,STATION,00:00:00:00:00:00,0,0,0,0,0,0,0,0,0,0,0,0,0,0,0,0,0,0,0,0,0,128,[84 -64 4 0 0 0 0 0 0 0 0 0 14 -8 17 -9 17 -7 17 -5 13 -6 14 -6 12 -5 14 -5 14 -3 16 -4 13 -3 15 -2 17 -4 14 -4 16 -5 14 -3 13 -2 11 -5 14 -3 13 -5 15 -2 16 -7 13 -2 15 -8 14 -4 11 -3 0 0 14 -6 14 -2 13 -6 13 -2 13 -4 13 -5 13 -7 14 -4 15 -3 13 -5 14 -6 12 -6 11 -5 10 -6 12 -5 11 -7 12 -8 9 -9 11 -9 10 -8 12 -10 11 -10 8 -10 12 -10 10 -11 12 -8 0 0 0 0 0 0 0 0 0 0]"
"1772864619453455,CSI_DATA,STATION,00:00:00:00:00:00,0,0,0,0,0,0,0,0,0,0,0,0,0,0,0,0,0,0,0,0,0,128,[84 -64 4 0 0 0 0 0 0 0 0 0 17 7 14 6 16 8 16 10 16 8 15 6 13 8 13 11 11 7 13 12 14 12 14 10 13 10 11 11 10 12 12 9 12 11 10 12 9 9 9 11 10 13 9 11 11 13 10 12 7 9 13 9 0 0 15 9 9 7 12 9 14 10 13 10 12 8 10 11 8 10 12 8 11 10 10 7 11 5 10 8 12 9 13 3 12 6 14 8 14 6 14 7 14 5 15 5 16 6 15 7 15 3 14 4 14 3 0 0 0 0 0 0 0 0 0 0]"
"1772864619462359,CSI_DATA,STATION,00:00:00:00:00:00,0,0,0,0,0,0,0,0,0,0,0,0,0,0,0,0,0,0,0,0,0,128,[84 -64 4 0 0 0 0 0 0 0 0 0 -14 -10 -17 -6 -15 -11 -16 -11 -18 -14 -13 -8 -16 -10 -14 -14 -16 -15 -15 -11 -11 -10 -13 -13 -13 -11 -12 -12 -8 -12 -10 -9 -9 -13 -10 -11 -10 -10 -11 -11 -11 -12 -11 -11 -13 -13 -8 -13 -11 -14 -10 -11 0 0 -12 -10 -12 -12 -11 -12 -11 -10 -11 -12 -8 -12 -11 -13 -8 -13 -13 -11 -12 -8 -12 -8 -10 -9 -12 -7 -13 -8 -12 -8 -14 -5 -12 -8 -13 -7 -12 -10 -13 -4 -12 -8 -11 -8 -15 -10 -12 -8 -14 -7 -15 -8 0 0 0 0 0 0 0 0 0 0]"
"1772864619470370,CSI_DATA,STATION,00:00:00:00:00:00,0,0,0,0,0,0,0,0,0,0,0,0,0,0,0,0,0,0,0,0,0,128,[84 -64 4 0 0 0 0 0 0 0 0 0 14 4 16 7 13 6 14 5 13 8 14 11 13 8 13 10 15 8 13 9 10 6 12 12 10 8 10 9 9 11 12 6 10 10 10 8 13 9 10 11 10 9 13 9 10 7 10 9 8 11 10 6 0 0 13 8 14 7 9 8 12 7 9 9 10 5 11 3 10 6 9 2 11 4 12 5 10 5 12 4 9 1 12 2 11 2 11 3 10 3 11 3 12 3 14 3 13 0 12 3 11 3 10 2 13 0 0 0 0 0 0 0 0 0 0 0]"
"1772864619477454,CSI_DATA,STATION,00:00:00:00:00:00,0,0,0,0,0,0,0,0,0,0,0,0,0,0,0,0,0,0,0,0,0,128,[84 -64 4 0 0 0 0 0 0 0 0 0 9 12 5 12 5 12 3 17 7 16 4 12 5 11 3 12 4 15 2 15 3 15 5 13 3 14 1 14 4 13 3 13 3 13 4 12 3 14 2 12 1 12 1 13 1 11 5 14 3 13 4 12 0 0 3 12 3 11 4 11 2 15 4 14 2 12 4 12 1 9 4 10 5 11 7 10 5 12 6 7 7 10 7 9 8 10 4 8 5 8 10 10 8 8 7 9 9 9 7 8 9 8 9 10 9 12 0 0 0 0 0 0 0 0 0 0]"
"1772864619524658,CSI_DATA,STATION,00:00:00:00:00:00,0,0,0,0,0,0,0,0,0,0,0,0,0,0,0,0,0,0,0,0,0,128,[84 -64 4 0 0 0 0 0 0 0 0 0 -9 8 -10 6 -12 9 -12 7 -9 8 -7 7 -13 4 -15 6 -12 5 -14 7 -15 6 -12 4 -12 4 -13 3 -14 4 -14 3 -14 6 -17 5 -14 6 -15 6 -15 3 -10 1 -14 4 -12 3 -13 2 -13 4 0 0 -12 3 -14 4 -12 3 -14 2 -12 5 -13 2 -12 4 -11 6 -9 5 -13 4 -10 6 -11 6 -11 7 -12 6 -14 5 -11 6 -10 8 -11 6 -12 6 -13 3 -12 10 -12 9 -11 7 -13 6 -13 8 -12 7 0 0 0 0 0 0 0 0 0 0]"
"1772864619623475,CSI_DATA,STATION,00:00:00:00:00:00,0,0,0,0,0,0,0,0,0,0,0,0,0,0,0,0,0,0,0,0,0,128,[84 -64 4 0 0 0 0 0 0 0 0 0 2 10 -6 6 -2 8 -3 9 3 9 1 12 -3 9 -2 13 -1 7 1 9 1 8 -2 10 -1 11 1 8 2 13 -2 8 -2 8 -3 11 0 9 -3 12 0 9 -1 13 -5 9 2 9 0 10 -3 8 0 0 -1 7 0 7 1 10 -5 6 -1 16 0 12 -2 12 3 10 -2 13 3 7 5 7 3 14 4 12 1 16 3 13 0 11 4 10 5 11 7 12 4 17 3 11 6 10 5 13 5 12 6 10 6 7 0 0 0 0 0 0 0 0 0 0]"
"1772864619713308,CSI_DATA,STATION,00:00:00:00:00:00,0,0,0,0,0,0,0,0,0,0,0,0,0,0,0,0,0,0,0,0,0,128,[84 -64 4 0 0 0 0 0 0 0 0 0 1 13 -4 11 -2 9 -1 9 3 8 -2 8 -2 6 -3 7 -1 13 -5 8 -4 8 1 5 -3 7 -9 6 -3 9 -7 3 -6 12 -10 7 -4 8 -11 12 -1 5 -4 11 -8 7 -3 9 -7 3 -5 3 0 0 -14 3 -2 10 -7 1 0 8 -3 3 -5 4 -8 6 -3 6 -6 6 -8 6 -5 9 -5 6 -9 8 -9 7 -6 11 -9 7 -10 8 -9 6 -7 9 -9 13 -8 6 -10 8 -9 6 -4 12 -9 8 -8 12 0 0 0 0 0 0 0 0 0 0]"
"1772864619943145,CSI_DATA,STATION,00:00:00:00:00:00,0,0,0,0,0,0,0,0,0,0,0,0,0,0,0,0,0,0,0,0,0,128,[84 -64 4 0 0 0 0 0 0 0 0 0 -8 7 -10 2 -6 -1 -11 -4 -11 -3 -11 -2 -9 0 -9 0 -13 -2 -8 -1 -10 1 -7 1 -8 0 -6 1 -9 -1 -5 -5 -8 2 -7 3 -10 -1 -8 2 -7 -4 -5 0 -6 -5 -5 -2 -6 3 -7 -2 0 0 -7 -1 -5 -1 -10 -1 -4 4 -10 4 -9 -1 -5 0 -4 0 -7 3 -6 -2 -11 -1 -6 3 -7 -1 -6 3 -6 2 -10 1 -8 1 -6 2 -8 -3 -10 2 -7 4 -7 8 -8 -1 -12 0 -12 6 -5 2 0 0 0 0 0 0 0 0 0 0]"
"1772864619994580,CSI_DATA,STATION,00:00:00:00:00:00,0,0,0,0,0,0,0,0,0,0,0,0,0,0,0,0,0,0,0,0,0,128,[84 -64 4 0 0 0 0 0 0 0 0 0 -10 10 -10 2 -6 5 -9 2 -6 6 -2 -1 -7 6 -4 8 -2 5 -10 4 -6 4 -12 6 -7 0 -8 -3 -11 1 -11 4 -7 3 -10 7 -3 -2 -13 1 -8 0 -9 -1 -11 1 -10 -5 -3 4 -5 -1 0 0 -6 -2 -8 3 -8 5 -5 2 -10 3 -6 -3 -6 2 1 0 -5 1 -12 2 -10 3 -5 0 -5 2 -5 0 -5 4 -9 1 -8 -2 -11 4 -2 0 -6 4 -6 -2 -13 0 -7 -2 -9 3 -11 -1 -14 4 0 0 0 0 0 0 0 0 0 0]"
"1772864620003820,CSI_DATA,STATION,00:00:00:00:00:00,0,0,0,0,0,0,0,0,0,0,0,0,0,0,0,0,0,0,0,0,0,128,[84 -64 4 0 0 0 0 0 0 0 0 0 3 -10 2 -6 -2 -11 3 -9 2 -12 4 -5 2 -5 0 -7 0 -6 -1 -8 6 -11 6 -6 2 -6 6 -2 6 -6 1 -1 2 -10 5 -7 4 -10 -1 -10 -2 -7 -1 -11 -2 -10 1 -5 -1 -5 -2 -2 0 0 -4 -10 -3 -11 0 -7 -8 -6 -2 -9 -7 -6 -5 -10 -6 -6 0 -9 -8 -4 -2 -5 -5 -7 -4 -9 -2 -11 -3 -8 -7 -6 -9 -6 -10 -4 -11 -6 -4 -3 -6 -8 -10 -1 -14 -7 -13 -5 -9 -6 -11 -6 0 0 0 0 0 0 0 0 0 0]"
"1772864620012889,CSI_DATA,STATION,00:00:00:00:00:00,0,0,0,0,0,0,0,0,0,0,0,0,0,0,0,0,0,0,0,0,0,128,[84 -64 4 0 0 0 0 0 0 0 0 0 -7 -1 -13 3 -8 -6 -9 0 -10 1 -8 -2 -11 0 -7 -4 -4 5 -9 -1 -8 -3 -7 -3 -4 -4 -5 -2 -8 -8 -5 2 -8 -3 -4 -1 -3 -4 -6 -7 -9 -3 -12 -3 -7 -5 -9 -3 -7 -1 -10 -7 0 0 -5 -7 -3 -8 -5 -4 -5 -7 -9 -4 -6 -4 -4 -7 -7 -5 -8 0 -12 -1 -8 -2 -7 -5 -7 -3 -9 1 -13 -1 -7 -2 -9 -2 -6 -3 -8 -6 -7 3 -6 0 -11 -1 -9 -1 -12 2 -11 2 -14 3 0 0 0 0 0 0 0 0 0 0]"
"1772864620023565,CSI_DATA,STATION,00:00:00:00:00:00,0,0,0,0,0,0,0,0,0,0,0,0,0,0,0,0,0,0,0,0,0,128,[84 -64 4 0 0 0 0 0 0 0 0 0 -2 -9 4 -8 3 -11 4 -6 5 -6 0 -9 1 -12 -1 -11 2 -8 -3 -8 -1 -7 1 -8 -6 -6 1 -9 -3 -10 0 -6 -4 -7 -3 -11 -3 -6 -1 -8 -6 -4 -3 -8 -5 -5 -2 -6 -2 -3 -4 -9 0 0 -9 -8 -7 -7 -3 -4 -7 -6 -4 -10 -6 -5 -9 -1 -5 -5 -7 0 -8 -3 -7 3 -12 -4 -6 2 -9 -3 -1 -4 -4 2 -6 3 -10 0 -8 5 -9 4 -6 4 -8 -1 -3 1 -8 6 -10 9 -10 8 0 0 0 0 0 0 0 0 0 0]"
"1772864620029574,CSI_DATA,STATION,00:00:00:00:00:00,0,0,0,0,0,0,0,0,0,0,0,0,0,0,0,0,0,0,0,0,0,128,[84 -64 4 0 0 0 0 0 0 0 0 0 1 -5 3 -5 1 -10 4 -9 4 -5 -1 -8 5 -8 0 -5 6 -8 4 -7 0 -7 10 -7 2 -7 1 -11 5 -7 -3 -4 1 -10 3 -4 -3 -9 2 -10 -1 -7 1 -10 -1 -8 0 -4 -4 -7 -5 -13 0 0 -4 -9 -7 -5 -8 -8 -5 -6 -3 -12 -4 -6 -7 -2 -6 -7 -7 -3 -2 -5 -8 -4 -7 -9 -11 3 -9 -4 -4 -2 -4 0 -10 0 -7 -7 -10 4 -7 3 -9 0 -11 5 -10 4 -4 9 -10 2 -10 2 0 0 0 0 0 0 0 0 0 0]"
"1772864620037327,CSI_DATA,STATION,00:00:00:00:00:00,0,0,0,0,0,0,0,0,0,0,0,0,0,0,0,0,0,0,0,0,0,128,[84 -64 4 0 0 0 0 0 0 0 0 0 0 5 -4 4 -1 9 -3 5 1 3 -3 4 1 6 1 9 -3 7 -4 7 -4 6 -2 8 -5 8 -4 4 -3 8 -5 9 -3 8 -5 8 -3 7 -6 4 -3 8 -2 9 -1 4 -1 5 -7 4 -5 6 0 0 -3 3 -6 5 -3 6 -6 7 -4 6 -1 6 -5 7 -4 4 -5 9 -2 5 -7 5 -5 7 -6 5 -2 1 -8 7 -2 3 -8 8 0 5 -5 6 -2 4 -5 8 -4 7 -2 5 1 9 -4 9 -2 11 0 0 0 0 0 0 0 0 0 0]"
"1772864620043335,CSI_DATA,STATION,00:00:00:00:00:00,0,0,0,0,0,0,0,0,0,0,0,0,0,0,0,0,0,0,0,0,0,128,[84 -64 4 0 0 0 0 0 0 0 0 0 9 3 6 2 7 -1 1 2 6 3 3 5 9 2 3 4 6 8 7 7 4 11 2 7 5 4 1 5 -3 8 7 4 5 10 3 7 7 6 0 5 -2 6 -1 8 7 11 0 6 -2 10 3 6 0 0 -2 5 1 9 0 10 -4 9 -7 5 0 8 1 5 -4 6 -3 9 -1 5 -2 5 -2 12 1 5 -4 8 -2 10 -6 4 2 7 -6 6 -2 5 -10 11 -4 6 -7 5 -5 9 -10 7 -8 10 -2 4 0 0 0 0 0 0 0 0 0 0]"
"1772864620049084,CSI_DATA,STATION,00:00:00:00:00:00,0,0,0,0,0,0,0,0,0,0,0,0,0,0,0,0,0,0,0,0,0,128,[84 -64 4 0 0 0 0 0 0 0 0 0 2 14 3 14 1 16 -2 12 -1 13 -2 10 -2 11 0 5 -5 14 -4 13 -1 9 -5 8 -1 15 2 11 -7 13 -4 11 -4 13 -3 8 -7 10 -7 13 -5 14 -4 9 -4 13 -1 15 -2 10 -5 8 0 0 -6 13 -6 12 -4 18 -5 5 -8 15 -3 10 -7 13 1 7 0 8 -3 13 0 13 0 9 3 13 -1 11 0 8 -2 12 2 13 2 12 2 11 3 13 -2 12 1 12 -2 14 4 9 3 17 -1 12 0 0 0 0 0 0 0 0 0 0]"
"1772864620055091,CSI_DATA,STATION,00:00:00:00:00:00,0,0,0,0,0,0,0,0,0,0,0,0,0,0,0,0,0,0,0,0,0,128,[84 -64 4 0 0 0 0 0 0 0 0 0 9 -5 8 -2 9 1 9 3 9 -1 8 8 8 -1 12 2 5 -2 2 4 12 0 3 -1 8 0 9 1 9 7 7 2 5 -2 5 2 8 8 7 5 7 7 7 8 7 -2 7 -1 1 4 3 2 0 0 8 6 4 5 6 5 2 1 4 6 3 2 5 3 7 0 4 7 5 5 5 2 9 9 1 6 9 1 6 -1 6 0 6 4 8 1 5 4 2 3 1 2 10 4 10 3 13 4 11 1 7 4 0 0 0 0 0 0 0 0 0 0]"
"1772864620061098,CSI_DATA,STATION,00:00:00:00:00:00,0,0,0,0,0,0,0,0,0,0,0,0,0,0,0,0,0,0,0,0,0,128,[84 -64 4 0 0 0 0 0 0 0 0 0 -1 7 1 5 -5 10 -10 8 -7 7 -2 7 2 8 -7 10 -7 6 -7 11 -2 9 -4 6 -3 11 -3 7 -9 5 -6 9 4 7 -3 7 -3 8 -10 6 0 5 -1 5 -2 6 -6 6 -5 9 -1 6 0 0 -2 15 -2 9 1 5 0 9 -3 4 5 8 -4 8 2 6 3 9 0 8 -2 7 3 3 4 8 4 8 6 5 3 6 0 9 2 9 0 3 3 10 1 8 3 6 -1 6 1 7 6 5 6 8 0 0 0 0 0 0 0 0 0 0]"
"1772864620068851,CSI_DATA,STATION,00:00:00:00:00:00,0,0,0,0,0,0,0,0,0,0,0,0,0,0,0,0,0,0,0,0,0,128,[84 -64 4 0 0 0 0 0 0 0 0 0 -11 1 -13 3 -13 -1 -11 -1 -13 -1 -16 -1 -11 -4 -15 0 -15 1 -11 -6 -14 2 -16 -3 -12 0 -14 0 -14 -3 -12 -1 -10 -4 -11 -2 -11 -3 -12 -2 -14 -4 -11 -4 -11 -3 -11 -4 -17 -5 -13 -3 0 0 -16 -6 -13 -7 -14 -5 -12 -2 -13 -2 -11 -2 -11 -4 -14 -9 -13 -5 -10 -5 -13 -4 -11 -4 -13 -2 -14 -3 -11 -4 -10 1 -15 -5 -16 2 -13 0 -14 -4 -14 0 -17 -2 -14 -1 -14 -2 -13 -2 -15 0 0 0 0 0 0 0 0 0 0 0]"
"1772864620144945,CSI_DATA,STATION,00:00:00:00:00:00,0,0,0,0,0,0,0,0,0,0,0,0,0,0,0,0,0,0,0,0,0,128,[84 -64 4 0 0 0 0 0 0 0 0 0 -15 1 -13 0 -13 0 -16 -1 -16 1 -17 0 -15 -3 -17 -5 -13 -8 -14 -3 -15 -4 -13 -7 -11 -3 -12 -4 -11 -4 -13 -4 -13 -3 -16 -6 -12 -4 -13 -5 -14 -4 -13 -6 -14 -4 -15 -3 -12 -4 -14 -1 0 0 -14 -2 -10 -4 -14 -2 -14 -2 -13 0 -12 -1 -12 0 -12 -3 -12 -1 -13 -2 -12 -2 -13 1 -14 0 -13 0 -14 -1 -14 1 -14 1 -13 3 -14 3 -15 0 -13 4 -12 4 -13 2 -11 4 -14 2 -14 2 0 0 0 0 0 0 0 0 0 0]"
"1772864620174121,CSI_DATA,STATION,00:00:00:00:00:00,0,0,0,0,0,0,0,0,0,0,0,0,0,0,0,0,0,0,0,0,0,128,[84 -64 4 0 0 0 0 0 0 0 0 0 -5 13 -7 10 -5 14 -9 15 -8 12 -5 13 -10 12 -9 13 -10 11 -6 15 -9 13 -11 10 -10 11 -9 12 -10 13 -10 12 -8 11 -8 13 -9 10 -8 9 -8 12 -9 8 -5 9 -8 9 -9 10 -7 9 0 0 -5 12 -4 10 -8 11 -8 9 -7 11 -6 13 -5 10 -7 13 -6 12 -5 12 -2 13 -6 10 -4 12 -4 11 -4 15 -2 12 -1 14 -1 14 -1 12 -2 11 1 13 0 15 -1 14 2 10 1 15 0 9 0 0 0 0 0 0 0 0 0 0]"
"1772864620180631,CSI_DATA,STATION,00:00:00:00:00:00,0,0,0,0,0,0,0,0,0,0,0,0,0,0,0,0,0,0,0,0,0,128,[84 -64 4 0 0 0 0 0 0 0 0 0 11 11 8 9 11 11 12 14 11 15 9 12 9 12 10 13 7 16 7 15 9 12 10 12 8 13 8 12 12 10 9 12 5 17 10 12 8 14 9 15 8 13 4 11 8 11 5 13 6 13 8 16 0 0 8 13 9 11 6 12 5 13 8 12 9 16 9 13 8 12 9 12 4 11 8 10 9 11 12 11 6 10 9 11 12 12 10 10 10 12 11 10 8 9 12 9 8 11 11 10 9 11 10 8 15 11 0 0 0 0 0 0 0 0 0 0]"
"1772864620214283,CSI_DATA,STATION,00:00:00:00:00:00,0,0,0,0,0,0,0,0,0,0,0,0,0,0,0,0,0,0,0,0,0,128,[84 -64 4 0 0 0 0 0 0 0 0 0 -4 15 -6 16 -6 18 -8 19 -10 13 -8 16 -8 11 -8 13 -9 14 -12 13 -14 14 -9 13 -11 12 -8 13 -13 13 -9 15 -9 11 -14 11 -10 11 -14 13 -13 13 -11 9 -10 10 -10 9 -12 14 -11 11 0 0 -11 13 -7 11 -10 13 -7 11 -10 14 -7 9 -9 13 -7 13 -9 9 -7 12 -8 12 -11 14 -5 13 -8 13 -7 9 -9 14 -4 16 -6 13 -4 13 -5 11 -7 13 -5 15 -5 15 -3 15 -6 15 -3 12 0 0 0 0 0 0 0 0 0 0]"
"1772864620223953,CSI_DATA,STATION,00:00:00:00:00:00,0,0,0,0,0,0,0,0,0,0,0,0,0,0,0,0,0,0,0,0,0,128,[84 -64 4 0 0 0 0 0 0 0 0 0 13 -6 18 -3 18 -2 15 -6 14 -2 18 -3 18 -3 16 -2 17 -1 14 -2 17 -4 14 -1 15 -1 16 3 11 -1 15 -1 16 -1 14 -1 15 -2 11 -2 13 -1 12 1 12 0 11 1 13 -3 14 1 0 0 13 -2 12 -3 13 -3 12 -2 10 -3 12 -2 11 -3 14 -5 14 -2 13 -4 12 -5 10 -5 13 -5 10 -4 11 -7 11 -6 11 -7 11 -5 12 -8 11 -6 12 -6 9 -8 11 -6 9 -8 10 -10 9 -10 0 0 0 0 0 0 0 0 0 0]"
"1772864620368431,CSI_DATA,STATION,00:00:00:00:00:00,0,0,0,0,0,0,0,0,0,0,0,0,0,0,0,0,0,0,0,0,0,128,[84 -64 4 0 0 0 0 0 0 0 0 0 2 19 1 14 3 17 0 16 0 18 0 17 -1 19 -1 16 -2 17 -4 16 -3 16 -1 15 -4 19 -6 18 -2 17 -3 13 -5 16 -5 13 -4 13 -4 16 -4 17 -7 16 -3 14 -5 13 -5 15 -4 14 0 0 -5 12 -3 15 -4 15 -2 14 -3 17 -5 12 -2 15 -5 14 -4 12 0 12 -3 14 -2 15 -1 13 -4 12 -5 9 -5 14 -2 12 -2 13 -1 14 -2 15 -1 13 -3 14 -1 13 0 15 -3 16 3 13 0 0 0 0 0 0 0 0 0 0]"
"1772864620418288,CSI_DATA,STATION,00:00:00:00:00:00,0,0,0,0,0,0,0,0,0,0,0,0,0,0,0,0,0,0,0,0,0,128,[84 -64 4 0 0 0 0 0 0 0 0 0 8 15 6 16 6 17 8 15 5 15 7 18 6 17 2 16 2 15 4 18 2 17 3 18 4 16 0 15 3 16 4 18 5 13 0 15 3 14 1 14 1 18 2 11 3 11 4 15 4 14 2 14 0 0 3 11 4 17 1 15 4 13 4 14 2 13 4 15 5 15 6 13 7 12 5 15 8 12 2 15 4 13 6 17 10 13 6 13 10 14 9 11 8 11 8 12 9 9 6 14 8 14 9 12 7 13 0 0 0 0 0 0 0 0 0 0]"
"1772864620451669,CSI_DATA,STATION,00:00:00:00:00:00,0,0,0,0,0,0,0,0,0,0,0,0,0,0,0,0,0,0,0,0,0,128,[84 -64 4 0 0 0 0 0 0 0 0 0 -3 -17 -2 -19 -1 -18 -3 -18 1 -19 1 -20 -2 -19 -1 -19 1 -18 3 -18 1 -18 2 -18 3 -18 1 -19 3 -17 3 -17 4 -15 0 -15 3 -17 -1 -19 3 -16 2 -19 1 -16 4 -16 1 -16 2 -13 0 0 0 -12 -1 -15 -1 -16 -1 -15 1 -12 -1 -17 -1 -16 -2 -15 -2 -15 -2 -16 -2 -14 -4 -16 -4 -14 -5 -16 -4 -13 -6 -14 -4 -14 -4 -11 -4 -14 -3 -12 -6 -14 -4 -17 -2 -16 -7 -14 -6 -16 -7 -14 0 0 0 0 0 0 0 0 0 0]"
"1772864620457676,CSI_DATA,STATION,00:00:00:00:00:00,0,0,0,0,0,0,0,0,0,0,0,0,0,0,0,0,0,0,0,0,0,128,[84 -64 4 0 0 0 0 0 0 0 0 0 8 14 12 14 10 13 9 22 7 18 7 17 8 16 8 18 8 17 8 18 7 19 4 17 5 19 6 16 4 16 6 13 2 14 3 14 6 17 5 15 6 15 5 14 3 14 3 13 2 15 3 12 0 0 4 14 3 14 3 14 3 12 4 15 6 15 5 13 8 13 6 11 7 8 6 11 6 13 6 11 7 10 7 11 9 11 5 13 8 9 7 11 8 11 8 12 9 12 8 13 7 12 9 11 11 10 0 0 0 0 0 0 0 0 0 0]"
"1772864620465429,CSI_DATA,STATION,00:00:00:00:00:00,0,0,0,0,0,0,0,0,0,0,0,0,0,0,0,0,0,0,0,0,0,128,[84 -64 4 0 0 0 0 0 0 0 0 0 -19 5 -16 6 -16 7 -15 4 -17 4 -14 4 -18 3 -14 3 -18 0 -15 1 -19 2 -17 1 -15 1 -13 1 -16 -2 -17 1 -14 1 -15 0 -14 -1 -13 0 -13 0 -17 0 -15 1 -12 -1 -13 0 -13 -1 0 0 -14 -1 -11 0 -13 1 -14 1 -12 1 -14 2 -13 0 -11 2 -15 3 -14 4 -11 2 -14 2 -11 6 -13 4 -14 1 -14 4 -13 2 -13 2 -13 3 -13 6 -12 5 -15 6 -13 6 -11 3 -13 3 -14 2 0 0 0 0 0 0 0 0 0 0]"
"1772864620473440,CSI_DATA,STATION,00:00:00:00:00:00,0,0,0,0,0,0,0,0,0,0,0,0,0,0,0,0,0,0,0,0,0,128,[84 -64 4 0 0 0 0 0 0 0 0 0 -3 17 -4 19 -2 17 -7 18 -8 20 -5 16 -6 17 -8 15 -3 15 -7 17 -5 15 -8 14 -7 14 -7 16 -6 16 -7 13 -7 13 -9 14 -8 16 -8 13 -6 14 -7 12 -7 12 -7 14 -7 13 -6 14 0 0 -7 13 -4 13 -7 15 -3 13 -5 14 -6 15 -5 13 -5 13 -5 12 -5 14 -2 12 -4 15 -2 12 0 17 -4 15 -3 14 -3 12 -2 14 -1 13 -2 15 -1 13 -2 15 -1 16 0 15 0 15 -2 12 0 0 0 0 0 0 0 0 0 0]"
"1772864620479948,CSI_DATA,STATION,00:00:00:00:00:00,0,0,0,0,0,0,0,0,0,0,0,0,0,0,0,0,0,0,0,0,0,128,[84 -64 4 0 0 0 0 0 0 0 0 0 -17 12 -17 9 -15 10 -14 14 -18 8 -18 9 -19 6 -16 7 -16 6 -17 7 -18 7 -17 6 -17 8 -18 5 -16 4 -19 5 -17 5 -14 5 -18 7 -16 5 -14 8 -16 6 -15 4 -14 4 -14 6 -16 7 0 0 -13 7 -15 6 -14 8 -14 4 -13 7 -12 9 -12 8 -11 9 -11 8 -11 9 -12 8 -12 10 -9 7 -10 11 -14 11 -12 11 -9 9 -11 10 -10 8 -9 10 -11 10 -11 12 -9 10 -10 14 -11 12 -8 11 0 0 0 0 0 0 0 0 0 0]"
"1772864620490263,CSI_DATA,STATION,00:00:00:00:00:00,0,0,0,0,0,0,0,0,0,0,0,0,0,0,0,0,0,0,0,0,0,128,[84 -64 4 0 0 0 0 0 0 0 0 0 -22 3 -17 4 -20 0 -17 2 -20 0 -19 1 -18 -3 -22 -4 -20 -1 -19 -2 -19 -6 -20 -4 -18 0 -18 -5 -19 -3 -18 -5 -18 -4 -17 -3 -15 -2 -15 -2 -17 -5 -16 -4 -16 -5 -16 -3 -16 -5 -18 -2 0 0 -18 -4 -15 -4 -13 -1 -16 -1 -12 -4 -15 -2 -14 -2 -13 -2 -15 0 -16 0 -14 -2 -15 3 -16 -1 -13 1 -16 -2 -15 -2 -16 0 -17 -2 -13 2 -16 1 -17 2 -16 2 -15 2 -14 4 -16 4 -15 1 0 0 0 0 0 0 0 0 0 0]"
"1772864620498015,CSI_DATA,STATION,00:00:00:00:00:00,0,0,0,0,0,0,0,0,0,0,0,0,0,0,0,0,0,0,0,0,0,128,[84 -64 4 0 0 0 0 0 0 0 0 0 -7 17 -8 18 -7 17 -13 17 -9 16 -10 17 -10 16 -13 15 -11 13 -12 17 -11 13 -12 12 -11 16 -13 13 -11 14 -13 15 -10 11 -10 12 -10 11 -12 13 -12 15 -12 12 -10 11 -10 11 -8 11 -11 10 0 0 -12 11 -9 14 -8 14 -9 11 -9 14 -8 12 -8 11 -7 11 -7 11 -9 11 -5 14 -5 13 -8 13 -6 11 -5 11 -8 13 -5 14 -7 13 -4 14 -5 12 -3 13 -2 13 -6 17 -2 16 -4 15 -5 13 0 0 0 0 0 0 0 0 0 0]"
"1772864620576670,CSI_DATA,STATION,00:00:00:00:00:00,0,0,0,0,0,0,0,0,0,0,0,0,0,0,0,0,0,0,0,0,0,128,[84 -64 4 0 0 0 0 0 0 0 0 0 -12 14 -13 15 -15 14 -15 15 -14 14 -14 11 -14 12 -16 11 -15 7 -14 12 -15 11 -13 8 -15 12 -14 11 -15 8 -16 11 -14 9 -15 11 -13 10 -13 9 -15 8 -14 8 -14 9 -14 8 -13 8 -13 9 0 0 -13 8 -12 8 -10 8 -13 9 -11 9 -12 10 -12 10 -11 8 -10 10 -11 9 -10 10 -9 12 -10 12 -9 12 -10 10 -11 10 -8 13 -10 11 -10 12 -10 10 -10 13 -10 14 -9 13 -10 15 -8 13 -8 13 0 0 0 0 0 0 0 0 0 0]"
"1772864620579944,CSI_DATA,STATION,00:00:00:00:00:00,0,0,0,0,0,0,0,0,0,0,0,0,0,0,0,0,0,0,0,0,0,128,[84 -64 4 0 0 0 0 0 0 0 0 0 -8 18 -6 14 -9 19 -11 16 -9 15 -10 17 -11 14 -7 15 -10 13 -10 14 -11 14 -11 12 -11 14 -12 16 -9 12 -12 13 -11 14 -12 13 -11 11 -11 13 -11 12 -10 13 -10 12 -9 11 -9 10 -8 10 0 0 -10 12 -9 11 -8 12 -11 13 -7 12 -8 12 -9 12 -8 13 -8 11 -7 11 -8 11 -6 12 -7 13 -7 11 -7 14 -6 11 -4 14 -5 12 -6 13 -6 13 -6 15 -5 14 -7 12 -5 15 -7 15 -6 14 0 0 0 0 0 0 0 0 0 0]"
"1772864620591365,CSI_DATA,STATION,00:00:00:00:00:00,0,0,0,0,0,0,0,0,0,0,0,0,0,0,0,0,0,0,0,0,0,128,[84 -64 4 0 0 0 0 0 0 0 0 0 -7 -17 -7 -17 -4 -18 -5 -21 -5 -20 -6 -18 -5 -19 -2 -18 -3 -18 -1 -19 -2 -20 -2 -18 -1 -19 -1 -20 1 -18 -2 -19 -4 -18 -2 -16 -1 -17 1 -17 1 -15 -2 -16 -1 -15 -1 -16 -3 -15 -3 -15 0 0 -5 -14 -3 -13 -3 -15 -4 -15 -4 -16 -5 -14 -3 -14 -4 -13 -7 -14 -7 -14 -8 -14 -8 -15 -6 -14 -7 -14 -7 -13 -7 -12 -7 -12 -10 -12 -9 -14 -10 -12 -10 -13 -9 -12 -8 -13 -8 -13 -11 -12 -11 -13 0 0 0 0 0 0 0 0 0 0]"
"1772864620597375,CSI_DATA,STATION,00:00:00:00:00:00,0,0,0,0,0,0,0,0,0,0,0,0,0,0,0,0,0,0,0,0,0,128,[84 -64 4 0 0 0 0 0 0 0 0 0 11 -15 14 -14 14 -15 13 -15 13 -14 12 -13 12 -11 14 -10 12 -11 14 -12 15 -11 14 -11 13 -11 14 -12 15 -10 14 -8 13 -7 13 -8 14 -9 14 -8 13 -8 15 -8 13 -7 13 -8 13 -10 13 -8 0 0 12 -8 11 -11 11 -10 11 -6 12 -9 11 -9 11 -10 12 -9 10 -7 10 -10 9 -8 9 -10 9 -10 8 -12 9 -11 11 -10 7 -10 11 -12 10 -11 8 -11 12 -11 10 -12 11 -13 9 -15 8 -12 8 -13 0 0 0 0 0 0 0 0 0 0]"
"1772864620607047,CSI_DATA,STATION,00:00:00:00:00:00,0,0,0,0,0,0,0,0,0,0,0,0,0,0,0,0,0,0,0,0,0,128,[84 -64 4 0 0 0 0 0 0 0 0 0 -15 -16 -11 -16 -14 -14 -10 -16 -9 -17 -10 -17 -10 -14 -8 -16 -8 -17 -8 -17 -8 -19 -7 -16 -9 -16 -8 -17 -8 -18 -7 -15 -8 -16 -6 -17 -5 -15 -5 -16 -7 -15 -4 -17 -8 -14 -6 -14 -6 -14 -8 -15 0 0 -8 -15 -7 -14 -6 -15 -7 -13 -7 -14 -5 -13 -6 -13 -7 -13 -8 -14 -10 -9 -10 -13 -10 -13 -10 -14 -9 -12 -9 -13 -11 -10 -10 -12 -11 -10 -12 -12 -10 -12 -11 -11 -11 -13 -11 -13 -12 -9 -11 -11 -12 -8 0 0 0 0 0 0 0 0 0 0]"
"1772864620607047,CSI_DATA,STATION,00:00:00:00:00:00,0,0,0,0,0,0,0,0,0,0,0,0,0,0,0,0,0,0,0,0,0,128,[84 -64 4 0 0 0 0 0 0 0 0 0 8 -18 5 -17 8 -17 8 -19 8 -17 11 -16 11 -15 11 -16 9 -14 10 -14 11 -13 11 -15 12 -15 10 -12 10 -15 10 -13 11 -12 10 -13 9 -12 11 -11 12 -14 9 -13 10 -12 10 -12 8 -13 10 -12 0 0 7 -12 8 -14 5 -13 6 -12 8 -13 6 -14 8 -14 5 -15 5 -12 5 -14 5 -10 4 -13 3 -15 4 -15 3 -14 2 -15 4 -16 3 -15 2 -16 2 -15 4 -14 2 -16 -1 -14 1 -16 0 -16 2 -15 0 0 0 0 0 0 0 0 0 0]"
"1772864620623863,CSI_DATA,STATION,00:00:00:00:00:00,0,0,0,0,0,0,0,0,0,0,0,0,0,0,0,0,0,0,0,0,0,128,[84 -64 4 0 0 0 0 0 0 0 0 0 -15 5 -19 9 -17 7 -16 8 -19 6 -19 6 -18 3 -18 4 -15 5 -18 1 -17 2 -20 1 -18 2 -19 1 -19 0 -17 -1 -17 0 -15 -1 -17 2 -20 1 -17 0 -15 -2 -16 1 -14 0 -17 -1 -15 2 0 0 -15 0 -13 -1 -14 0 -15 1 -16 1 -15 1 -14 2 -16 0 -12 2 -14 1 -16 2 -15 1 -15 2 -15 0 -16 1 -14 3 -15 1 -16 3 -15 3 -17 4 -15 4 -14 2 -14 3 -14 4 -15 3 -16 4 0 0 0 0 0 0 0 0 0 0]"
"1772864620629881,CSI_DATA,STATION,00:00:00:00:00:00,0,0,0,0,0,0,0,0,0,0,0,0,0,0,0,0,0,0,0,0,0,128,[84 -64 4 0 0 0 0 0 0 0 0 0 -12 17 -13 17 -15 14 -14 16 -17 14 -15 15 -18 13 -18 13 -15 13 -16 13 -15 11 -16 11 -19 12 -19 13 -17 10 -14 9 -17 10 -16 10 -14 11 -14 12 -14 11 -13 11 -14 12 -15 11 -14 10 -14 9 0 0 -11 10 -14 12 -11 12 -11 10 -9 12 -12 11 -10 11 -10 13 -10 13 -8 10 -10 12 -10 14 -7 14 -8 14 -8 14 -8 14 -7 15 -6 16 -7 15 -7 15 -7 17 -7 17 -7 15 -4 16 -7 15 -7 15 0 0 0 0 0 0 0 0 0 0]"
"1772864620629881,CSI_DATA,STATION,00:00:00:00:00:00,0,0,0,0,0,0,0,0,0,0,0,0,0,0,0,0,0,0,0,0,0,128,[84 -64 4 0 0 0 0 0 0 0 0 0 21 -3 22 -1 19 -5 19 -4 20 -1 22 0 21 0 20 -1 21 2 19 -2 21 0 22 2 19 2 19 1 18 0 18 1 17 4 19 2 16 1 19 2 16 2 17 1 18 2 15 0 16 1 17 2 0 0 17 1 17 2 14 0 18 -2 15 -2 15 -1 15 -2 16 -3 18 0 16 -4 14 -1 14 -3 15 -4 12 -3 17 -3 15 -4 16 -4 16 -5 16 -7 16 -4 17 -6 15 -5 14 -6 17 -7 15 -7 17 -6 0 0 0 0 0 0 0 0 0 0]"
"1772864620638730,CSI_DATA,STATION,00:00:00:00:00:00,0,0,0,0,0,0,0,0,0,0,0,0,0,0,0,0,0,0,0,0,0,128,[84 -64 4 0 0 0 0 0 0 0 0 0 18 -6 18 -3 17 -4 20 -5 20 -3 20 -3 17 -2 19 0 20 -4 19 -1 17 0 20 0 18 0 17 -1 16 0 17 1 17 0 15 1 16 1 14 2 14 0 13 1 17 0 14 -1 15 0 15 -1 0 0 14 -1 14 -2 13 0 15 -2 14 -1 14 -3 13 -1 13 -2 16 -3 13 -4 13 -6 14 -4 13 -2 13 -4 12 -4 16 -4 11 -6 15 -5 13 -5 15 -8 14 -7 12 -5 12 -8 13 -6 14 -7 14 -7 0 0 0 0 0 0 0 0 0 0]"
"1772864620638730,CSI_DATA,STATION,00:00:00:00:00:00,0,0,0,0,0,0,0,0,0,0,0,0,0,0,0,0,0,0,0,0,0,128,[84 -64 4 0 0 0 0 0 0 0 0 0 -7 -18 -7 -20 -7 -19 -6 -17 -3 -17 -6 -19 -5 -18 -2 -20 -4 -17 -2 -19 -4 -19 -2 -17 -1 -19 -2 -16 0 -18 -1 -18 0 -19 -1 -14 1 -17 0 -18 1 -18 -1 -17 1 -15 1 -18 -1 -17 -2 -14 0 0 -2 -16 -4 -17 -2 -18 -3 -15 -2 -15 -3 -14 -2 -15 -3 -16 -3 -15 -4 -15 -3 -15 -2 -15 -2 -16 -4 -16 -4 -16 -4 -16 -5 -15 -5 -17 -5 -13 -6 -15 -6 -14 -4 -15 -6 -14 -6 -15 -4 -14 -7 -15 0 0 0 0 0 0 0 0 0 0]"
